{
  "trigger": true,
  "modules": [
    "captcha-create-challenge"
  ],
  "parentResource": "followingthesunnaha2b3202b",
  "functionName": "followingthesunnaha2b3202bCreateAuthChallenge",
  "resourceName": "followingthesunnaha2b3202bCreateAuthChallenge",
  "parentStack": "auth",
  "triggerEnvs": "[]",
  "triggerDir": "C:\\snapshot\\amplify-cli\\build\\node_modules\\@aws-amplify\\amplify-category-auth\\provider-utils\\awscloudformation\\triggers\\CreateAuthChallenge",
  "triggerTemplate": "CreateAuthChallenge.json.ejs",
  "triggerEventPath": "CreateAuthChallenge.event.json",
  "roleName": "followingthesunnaha2b3202bCreateAuthChallenge",
  "skipEdit": true
}