{
  "trigger": true,
  "modules": [
    "captcha-define-challenge"
  ],
  "parentResource": "followingthesunnaha2b3202b",
  "functionName": "followingthesunnaha2b3202bDefineAuthChallenge",
  "resourceName": "followingthesunnaha2b3202bDefineAuthChallenge",
  "parentStack": "auth",
  "triggerEnvs": "[]",
  "triggerDir": "C:\\snapshot\\amplify-cli\\build\\node_modules\\@aws-amplify\\amplify-category-auth\\provider-utils\\awscloudformation\\triggers\\DefineAuthChallenge",
  "triggerTemplate": "DefineAuthChallenge.json.ejs",
  "triggerEventPath": "DefineAuthChallenge.event.json",
  "roleName": "followingthesunnaha2b3202bDefineAuthChallenge",
  "skipEdit": true
}