{
  "trigger": true,
  "modules": [
    "captcha-verify"
  ],
  "parentResource": "followingthesunnaha2b3202b",
  "functionName": "followingthesunnaha2b3202bVerifyAuthChallengeResponse",
  "resourceName": "followingthesunnaha2b3202bVerifyAuthChallengeResponse",
  "parentStack": "auth",
  "triggerEnvs": "[]",
  "triggerDir": "C:\\snapshot\\amplify-cli\\build\\node_modules\\@aws-amplify\\amplify-category-auth\\provider-utils\\awscloudformation\\triggers\\VerifyAuthChallengeResponse",
  "triggerTemplate": "VerifyAuthChallengeResponse.json.ejs",
  "triggerEventPath": "VerifyAuthChallengeResponse.event.json",
  "roleName": "followingthesunnaha2b3202bVerifyAuthChallengeResponse",
  "skipEdit": true
}