{
  "api": {
    "CommentsAPI": {
      "dependsOn": [
        {
          "attributes": [
            "Name",
            "Arn"
          ],
          "category": "function",
          "resourceName": "createCommentsTableFunction"
        }
      ],
      "providerPlugin": "awscloudformation",
      "service": "API Gateway"
    },
    "EmailServiceAPI": {
      "dependsOn": [
        {
          "attributes": [
            "Name",
            "Arn"
          ],
          "category": "function",
          "resourceName": "EmailServiceFunction"
        }
      ],
      "providerPlugin": "awscloudformation",
      "service": "API Gateway"
    },
    "MarriageProfilesAPI": {
      "dependsOn": [
        {
          "attributes": [
            "Name",
            "Arn"
          ],
          "category": "function",
          "resourceName": "MarriageProfilesHandler"
        }
      ],
      "providerPlugin": "awscloudformation",
      "service": "API Gateway"
    },
    "PollyAPI": {
      "dependsOn": [
        {
          "attributes": [
            "Name",
            "Arn"
          ],
          "category": "function",
          "resourceName": "PollyLambda"
        }
      ],
      "providerPlugin": "awscloudformation",
      "service": "API Gateway"
    },
    "businessAPI": {
      "dependsOn": [
        {
          "attributes": [
            "Name",
            "Arn"
          ],
          "category": "function",
          "resourceName": "businessHandler"
        }
      ],
      "providerPlugin": "awscloudformation",
      "service": "API Gateway"
    },
    "chatbot": {
      "dependsOn": [
        {
          "attributes": [
            "Name",
            "Arn"
          ],
          "category": "function",
          "resourceName": "chatbotFunction"
        }
      ],
      "providerPlugin": "awscloudformation",
      "service": "API Gateway"
    },
    "editorAPI": {
      "dependsOn": [
        {
          "attributes": [
            "Name",
            "Arn"
          ],
          "category": "function",
          "resourceName": "editorFunction"
        }
      ],
      "providerPlugin": "awscloudformation",
      "service": "API Gateway"
    }
  },
  "auth": {},
  "function": {
    "EmailServiceFunction": {
      "build": true,
      "providerPlugin": "awscloudformation",
      "service": "Lambda"
    },
    "MarriageProfilesHandler": {
      "build": true,
      "dependsOn": [
        {
          "attributeEnvMap": {
            "Arn": "TABLE_ARN",
            "Name": "TABLE_NAME"
          },
          "attributes": [
            "Name",
            "Arn"
          ],
          "category": "storage",
          "resourceName": "MarriageProfiles"
        }
      ],
      "providerPlugin": "awscloudformation",
      "service": "Lambda"
    },
    "PollyLambda": {
      "build": true,
      "providerPlugin": "awscloudformation",
      "service": "Lambda"
    },
    "businessHandler": {
      "build": true,
      "dependsOn": [
        {
          "attributeEnvMap": {
            "Arn": "TABLE_ARN",
            "Name": "TABLE_NAME"
          },
          "attributes": [
            "Name",
            "Arn"
          ],
          "category": "storage",
          "resourceName": "BusinessTable"
        }
      ],
      "providerPlugin": "awscloudformation",
      "service": "Lambda"
    },
    "chatbotFunction": {
      "build": true,
      "providerPlugin": "awscloudformation",
      "service": "Lambda"
    },
    "createCommentsTableFunction": {
      "build": true,
      "dependsOn": [
        {
          "attributes": [
            "Name",
            "Arn",
            "StreamArn"
          ],
          "category": "storage",
          "resourceName": "Comments"
        }
      ],
      "providerPlugin": "awscloudformation",
      "service": "Lambda"
    },
    "editorFunction": {
      "build": true,
      "dependsOn": [
        {
          "attributeEnvMap": {
            "Arn": "TABLE_ARN",
            "Name": "TABLE_NAME"
          },
          "attributes": [
            "Name",
            "Arn"
          ],
          "category": "storage",
          "resourceName": "editorcontent"
        }
      ],
      "providerPlugin": "awscloudformation",
      "service": "Lambda"
    },
    "followingthesunnaha2b3202bCreateAuthChallenge": {
      "build": true,
      "providerPlugin": "awscloudformation",
      "service": "Lambda"
    },
    "followingthesunnaha2b3202bDefineAuthChallenge": {
      "build": true,
      "providerPlugin": "awscloudformation",
      "service": "Lambda"
    },
    "followingthesunnaha2b3202bVerifyAuthChallengeResponse": {
      "build": true,
      "providerPlugin": "awscloudformation",
      "service": "Lambda"
    }
  },
  "parameters": {
    "AMPLIFY_function_EmailServiceFunction_deploymentBucketName": {
      "usedBy": [
        {
          "category": "function",
          "resourceName": "EmailServiceFunction"
        }
      ]
    },
    "AMPLIFY_function_EmailServiceFunction_s3Key": {
      "usedBy": [
        {
          "category": "function",
          "resourceName": "EmailServiceFunction"
        }
      ]
    },
    "AMPLIFY_function_MarriageProfilesHandler_deploymentBucketName": {
      "usedBy": [
        {
          "category": "function",
          "resourceName": "MarriageProfilesHandler"
        }
      ]
    },
    "AMPLIFY_function_MarriageProfilesHandler_s3Key": {
      "usedBy": [
        {
          "category": "function",
          "resourceName": "MarriageProfilesHandler"
        }
      ]
    },
    "AMPLIFY_function_PollyLambda_deploymentBucketName": {
      "usedBy": [
        {
          "category": "function",
          "resourceName": "PollyLambda"
        }
      ]
    },
    "AMPLIFY_function_PollyLambda_s3Key": {
      "usedBy": [
        {
          "category": "function",
          "resourceName": "PollyLambda"
        }
      ]
    },
    "AMPLIFY_function_businessHandler_deploymentBucketName": {
      "usedBy": [
        {
          "category": "function",
          "resourceName": "businessHandler"
        }
      ]
    },
    "AMPLIFY_function_businessHandler_s3Key": {
      "usedBy": [
        {
          "category": "function",
          "resourceName": "businessHandler"
        }
      ]
    },
    "AMPLIFY_function_chatbotFunction_deploymentBucketName": {
      "usedBy": [
        {
          "category": "function",
          "resourceName": "chatbotFunction"
        }
      ]
    },
    "AMPLIFY_function_chatbotFunction_s3Key": {
      "usedBy": [
        {
          "category": "function",
          "resourceName": "chatbotFunction"
        }
      ]
    },
    "AMPLIFY_function_createCommentsTableFunction_deploymentBucketName": {
      "usedBy": [
        {
          "category": "function",
          "resourceName": "createCommentsTableFunction"
        }
      ]
    },
    "AMPLIFY_function_createCommentsTableFunction_s3Key": {
      "usedBy": [
        {
          "category": "function",
          "resourceName": "createCommentsTableFunction"
        }
      ]
    },
    "AMPLIFY_function_editorFunction_deploymentBucketName": {
      "usedBy": [
        {
          "category": "function",
          "resourceName": "editorFunction"
        }
      ]
    },
    "AMPLIFY_function_editorFunction_s3Key": {
      "usedBy": [
        {
          "category": "function",
          "resourceName": "editorFunction"
        }
      ]
    },
    "AMPLIFY_function_followingthesunnaha2b3202bCreateAuthChallenge_deploymentBucketName": {
      "usedBy": [
        {
          "category": "function",
          "resourceName": "followingthesunnaha2b3202bCreateAuthChallenge"
        }
      ]
    },
    "AMPLIFY_function_followingthesunnaha2b3202bCreateAuthChallenge_s3Key": {
      "usedBy": [
        {
          "category": "function",
          "resourceName": "followingthesunnaha2b3202bCreateAuthChallenge"
        }
      ]
    },
    "AMPLIFY_function_followingthesunnaha2b3202bDefineAuthChallenge_deploymentBucketName": {
      "usedBy": [
        {
          "category": "function",
          "resourceName": "followingthesunnaha2b3202bDefineAuthChallenge"
        }
      ]
    },
    "AMPLIFY_function_followingthesunnaha2b3202bDefineAuthChallenge_s3Key": {
      "usedBy": [
        {
          "category": "function",
          "resourceName": "followingthesunnaha2b3202bDefineAuthChallenge"
        }
      ]
    },
    "AMPLIFY_function_followingthesunnaha2b3202bVerifyAuthChallengeResponse_RECAPTCHASECRET": {
      "usedBy": [
        {
          "category": "function",
          "resourceName": "followingthesunnaha2b3202bVerifyAuthChallengeResponse"
        }
      ]
    },
    "AMPLIFY_function_followingthesunnaha2b3202bVerifyAuthChallengeResponse_deploymentBucketName": {
      "usedBy": [
        {
          "category": "function",
          "resourceName": "followingthesunnaha2b3202bVerifyAuthChallengeResponse"
        }
      ]
    },
    "AMPLIFY_function_followingthesunnaha2b3202bVerifyAuthChallengeResponse_s3Key": {
      "usedBy": [
        {
          "category": "function",
          "resourceName": "followingthesunnaha2b3202bVerifyAuthChallengeResponse"
        }
      ]
    }
  },
  "storage": {
    "BusinessTable": {
      "providerPlugin": "awscloudformation",
      "service": "DynamoDB"
    },
    "Comments": {
      "providerPlugin": "awscloudformation",
      "service": "DynamoDB"
    },
    "MarriageProfiles": {
      "providerPlugin": "awscloudformation",
      "service": "DynamoDB"
    },
    "editorcontent": {
      "providerPlugin": "awscloudformation",
      "service": "DynamoDB"
    }
  }
}